City,Model,Train_Acc,Test_Acc,Test_F1_Macro,Test_F1_Weighted
shenzhen,RandomForest,0.950119002320185,0.19540983216133484,0.6231314233536408
shenzhen,GradientBoosting,1.0,0.654292343360092807425,0.66125287471,0.1707904976083387,0.6010420640414518
